AAPL,neutral,2018-11-14 , #bitcoin #btc #crypto video still coming tonight. This will also go over the movements in the $spy $aapl $amzn $brk‚Ä¶ https://t.co/eUBGeBhtND,0.0
AAPL,neutral,2018-11-14 , RT @Jessicalessin: Killer iPhone chart that shows price != profit for $aapl.  https://t.co/jDD37ScgCb,0.0
AAPL,neutral,2018-11-14 , RT @AsshatTrading: When a day goes according to plan @UTR_INFO $AMZN $SPY $SPX $AAPL https://t.co/hFnzumPH8x,0.0
AAPL,positive,2018-11-14 ," RT @SlopeOfHope: After careful consideration, I have decided that the public's obsession with the TRILLION DOLLAR valuation of $AMZN and $A‚Ä¶",2.0
AAPL,neutral,2018-11-14 , RT @Jessicalessin: Killer iPhone chart that shows price != profit for $aapl.  https://t.co/jDD37ScgCb,0.0
AAPL,positive,2018-11-14 , Warren Buffett now owns $57 Billion of $AAPL shares. You don't put that kind of money into a company when you're th‚Ä¶ https://t.co/GsY1BJZUQN,3.0
AAPL,negative,2018-11-14 ," $AAPL on the weekly breaks down hard with increased volume and acceleration, signaling capitulation. 160 next stop‚Ä¶ https://t.co/Oou8S5e2qq",-1.0
AAPL,neutral,2018-11-14 , I Am Deeply Embarrassed By Ga.'s Offering To $AMZN For An HQ2! Companies Like $KO &amp; $HD Should Ask For More Just To‚Ä¶ https://t.co/XHiK9mbozK,0.0
AAPL,neutral,2018-11-14 ," Dow Jones Futures Activity - $AAPL, $CSCO, $NTAP, $JPM, $ORCL, $BRK.B, $BAC, $WFC    https://t.co/NBp0vv64Jd",0.0
AAPL,neutral,2018-11-14 , $aapl $jpm #WarrenEBuffett largest position https://t.co/0hPnPBFZlN,0.0
AAPL,neutral,2018-11-13 , RT @JeffMacke: This changes everything. $AAPL https://t.co/C8Jlunv1yT,0.0
AAPL,negative,2018-11-13 , Steve Wozniak doubts fully self-driving vehicles are 'quite possible yet' https://t.co/LWiF9PEou6 $AAPL https://t.co/bVC4OKsjk7,-1.0
AAPL,positive,2018-11-13 , Do you see $GE share to recove some losses into 2018 end? $SPY $DIA $GLD $UCO $XLK $XLI $XLP $XLY $XLV $XLE $XLF‚Ä¶ https://t.co/8kcEixgDnF,1.0
AAPL,positive,2018-11-13 ," Google has been in NYC for over a decade in two buildings worth over $4bln. Overall, only 8% of NYC workers in tech‚Ä¶ https://t.co/SxOepLDMiE",2.0
AAPL,positive,2018-11-13 ," @FunnyMaine Easy, red pill and buy $AMZN and $AAPL.",1.0
AAPL,neutral,2018-11-13 , This changes everything. $AAPL https://t.co/C8Jlunv1yT,0.0
AAPL,negative,2018-11-13 , $FB $AMZN $AAPL $NFLX $GOOGL $CMCSA:  Fab Five FAANG Stocks: Cramer‚Äôs ‚ÄòMad Money‚Äô Recap (Tuesday 11/13/18):  https://t.co/H72mw0vaFm,-3.0
AAPL,positive,2018-11-13 , China trade deal announcement imminent. You better buy $aapl in AH if you sold today. Stocks going to fly tomorrow and so is $aapl.,2.0
AAPL,negative,2018-11-13 ," No Stranger To Luring Investors Into Fraud, Allergan Chairman &amp; CEO, Along With PWC, Need To Be Accountable For The‚Ä¶ https://t.co/0bKrTmF4YP",-5.0
AAPL,neutral,2018-11-13 ," RT @OphirGottlieb: $AAPL The Option Trade in Apple That is Working Right Now, In This Market, Exactly https://t.co/WXUcb5Rgar",0.0
AAPL,positive,2018-11-12 , RT @GerberKawasaki: These Apple supplier cuts are like clockwork. Apple has a great holiday season ahead. Huge sales on #SinglesDay in #Chi‚Ä¶,5.0
AAPL,positive,2018-11-12 , +60 POINTS Today! Good way to Start the week! Come Trade With @RockSolidTrader  &amp; @cml41987  $ROKU +3 $AMZN +30‚Ä¶ https://t.co/8LgUZ87XGk,3.0
AAPL,positive,2018-11-12 ," Join @RobinhoodApp and we'll both get a stock like $AAPL, $F, or $S for free. Make sure to use my link.  https://t.co/VWOxn2qV9X",4.0
AAPL,negative,2018-11-12 , $aapl https://t.co/ZZigpTUvhp  These are the things #Apple customers hate the most (there's a lot) A #Reddit thread‚Ä¶ https://t.co/RIFCITRn57,-3.0
AAPL,positive,2018-11-12 ," RT @EliSilvers: Join @RobinhoodApp and we'll both get a stock like $AAPL, $F, or $S for free. Make sure to use my link.  https://t.co/0jdAl‚Ä¶",4.0
AAPL,neutral,2018-11-12 ," RT @Keubiko: $AAPL EV / forward EBITDA -  not only might the multiple de-rate, but the denominator estimates may come down given recent new‚Ä¶",0.0
AAPL,neutral,2018-11-12 ," Research Analysts‚Äô Updated EPS Estimates for November, 12th $AAPL, AERI, AUY, AY, AYX, BBD, BFS, BHVN, BLD, BOOM https://t.co/B8qsYSwRWg",0.0
AAPL,neutral,2018-11-12 ," Volkswagen vehicles get Siri Shortcuts and voice control to unlock, flash lights, check mileage, more‚Ä¶ https://t.co/hGcxyH6aCE",0.0
AAPL,neutral,2018-11-12 , RT @davidsettle42: 11/12/18 - View today's #MarketOutlook from @Market_Scholars here: https://t.co/40tYbZRWRw Discussed: $SPY $IWM $EEM $EF‚Ä¶,0.0
AAPL,neutral,2018-11-12 , RT @IBD_ECarson: What To Do After Apple-Led Sell-Off; Futures https://t.co/nbVi5PzkVw $AAPL $GS $AMZN $FB $AMD $BA $NVDA https://t.co/mhKzt‚Ä¶,0.0
AAPL,positive,2018-11-11 ," Join @RobinhoodApp and we'll both get a stock like $AAPL, $F, or $S for free. Make sure to use my link.  https://t.co/rlVirRX14U",4.0
AAPL,neutral,2018-11-11 , $SPY $SPX $ES $GOOG $TSLA $AAPL more charts/occasional trades moving foward. i;ve proven i can trade by al ongshot‚Ä¶ https://t.co/ABMdgSvzAz,0.0
AAPL,negative,2018-11-11 , $AAPL $GOOG  $SPX $SPY no changes here.. been selling rips at key levels https://t.co/I2MHnn4Jr0,-1.0
AAPL,negative,2018-11-11 ," RT @FinancialReview: .@Apple admits to faulty iPhone X touch screens and MacBook Pro drive failure, data loss. https://t.co/R0HGW8H8MT #App‚Ä¶",-6.0
AAPL,neutral,2018-11-11 , RT @ErnestMEdsel1: Meh. #CSWS Oligarchs @USChamber @SenBillNelson @AndrewGillum now replacing US voters with #H1B #S281 #HR392 India Outsou‚Ä¶,0.0
AAPL,neutral,2018-11-11 , Market Analysis and key sectors to watch for next week: https://t.co/20sAQ6czTO $AAPL $AMZN $NFLX $AMZN $GOOG $TWTR‚Ä¶ https://t.co/sR10y6dUX0,0.0
AAPL,positive,2018-11-11 ," Join @RobinhoodApp and we'll both get a stock like $AAPL, $F, or $S for free. Make sure to use my link.  https://t.co/xMBIVdSnYF",4.0
AAPL,neutral,2018-11-11 , RT @Sandro_power: In This Video I talk about how to make money in the stock market   https://t.co/lcqvpEkAjH   I  have done so with many op‚Ä¶,0.0
AAPL,neutral,2018-11-11 , RT @ErnestMEdsel1: CALLING BOMBAY @USChamber @SenBillNelson need #H1B #S281 #HR392 India Outsource slaves to vote for them so they can keep‚Ä¶,0.0
AAPL,positive,2018-11-11 ," RT @permabear_uk: $AAPL is lower for a third month, -6.2% at $204.47. Support with the 200dma in the 192/91s.. where the key 10ma is lurkin‚Ä¶",2.0
AAPL,negative,2018-11-10 , I miss #MagSafe so very much. $$   $AAPL,-2.0
AAPL,positive,2018-11-10 , RT @jazzytrades: $AAPL $AMD $AMZN $FB $GOOGL $MSFT $NFLX $NVDA $TSLA $SPY Key Levels of Support and Resistance for Nov 12 2018 https://t.co‚Ä¶,2.0
AAPL,negative,2018-11-10 ," RT @jwangARK: In the 90s, there were four great computing companies: $MSFT $INTC $IBM $AAPL. The safest bet did the worst. The worst bet di‚Ä¶",-3.0
AAPL,negative,2018-11-10 ," RT @XOBIapp: Machine Learning Trading, Stock Market, and Chaos https://t.co/kiFgvW6zzd @I_KNOW_FIRST @Yaron_gol #artificialintelligence #fi‚Ä¶",-2.0
AAPL,neutral,2018-11-10 , $RKUNY #Rakuten Rakuten has SoftBank in its sights https://t.co/hlWF9ECsff $SFTBY $T $EWJ $JOF $SNE $DIS $AAPL‚Ä¶ https://t.co/Tn2IGitBWE,0.0
AAPL,neutral,2018-11-10 , See the tweet below. Current this week $qqq $aapl $tvix $veon $csco $sir $rook $mu $msft $fb $sqqq $intc $cmcsa‚Ä¶ https://t.co/cOKHcDrC1H,0.0
AAPL,neutral,2018-11-10 , See the tweet below. Current this week $GNPX $CYAD $KN $BOOM $SIVB $ENVA $DNJR $EXAS $EHTH $CHKE $FLEX $CHTR $LBRDK‚Ä¶ https://t.co/2T6yL475au,0.0
AAPL,positive,2018-11-10 ," A Whale_Liquidmetal Technologies $LQMT Chief Lugee Li, To Announce Huge Apple $AAPL Contract For The Production Of‚Ä¶ https://t.co/FIQU62W1bI",1.0
AAPL,neutral,2018-11-10 , Here's how Black Friday and #Amazon Prime Day stack up against China's biggest shopping day https://t.co/aQtiWtYgQv‚Ä¶ https://t.co/QFEi4R3Rk5,0.0
AAPL,neutral,2018-11-10 , #Apple says some #iPhone X and #MacBook models have quality issues https://t.co/AdskGUpqLV $SLV $GLD $QQQ $DJIA‚Ä¶ https://t.co/TP8nu10rqP,0.0
MCD,neutral,2018-11-14 , RT @mytradingbuddy: Hot #Stocks Analysis &amp; Outlook Video for $KR $MCD $SAM $EA $BAX on our #mtbanalysis Mag &gt;&gt; https://t.co/wTimbR9vy7 #NYS‚Ä¶,0.0
MCD,neutral,2018-11-14 , the stocks in the sp100 within 5 percentage points of their 52-week high:  $EXC $KO $MCD $NEE $PG $SPG $UNH $VZ‚Ä¶ https://t.co/beYctEJtWa,0.0
MCD,neutral,2018-11-14 , Hot #Stocks Analysis &amp; Outlook Video for $KR $MCD $SAM $EA $BAX on our #mtbanalysis Mag &gt;&gt; https://t.co/wTimbR9vy7‚Ä¶ https://t.co/45gIDmTieA,0.0
MCD,negative,2018-11-14 , $MCD  Revenue and earnings trend for the past 3 yrs.   Insiders selling (CEO Easterbrook dumped 80% of the shares h‚Ä¶ https://t.co/5gGgkERfFn,-1.0
MCD,neutral,2018-11-14 , $KSS $BHGE $CVX $WFC $MCD $COP $XOM $HOG $EOG $HPE $SLB $LEN $PGR $RL $OXY $UPS $BABA $NBL $HAL $CXO $JNJ Largest M‚Ä¶ https://t.co/CjAE6iLv9N,0.0
MCD,neutral,2018-11-14 , Mcdonalds Corp $MCD Institutional Investor Positioning Change - https://t.co/XFAQQqKxos,0.0
MCD,negative,2018-11-14 , Institutional Investors Are Crazy  About Mcdonalds Corp $MCD https://t.co/TaWBoJu6OX,-2.0
MCD,neutral,2018-11-14 , Largest $Notional Sell On Close Order Imbalances $KSS $BHGE $CVX $WFC $MCD $COP $XOM $HOG $EOG $HPE https://t.co/V7Aciy2vFa,0.0
MCD,neutral,2018-11-14 ," $RETC 0033 52WKH 29 cents Look at historical, massive runs b4 from here https://t.co/DkfO1MC2ns ü§Ø‚úàüí∏ $LOW $TWTR $LLY‚Ä¶ https://t.co/Fxgi7Qtc5E",0.0
MCD,neutral,2018-11-14 , Watch the Hot #Stocks Analysis &amp; Outlook Video for $KR $MCD $SAM $EA $BAX on our #mtbanalysis Mag &gt;&gt;‚Ä¶ https://t.co/lY64H8JRQs,0.0
MCD,negative,2018-11-13 , FRAUD Is Systemic at #Allergan !! $aapl $amzn $agn $brk $crm $cmg $hlf $hznp $halo $iep $ibm $jnj $ko $pep $wba‚Ä¶ https://t.co/VU0c9HA7RB,-4.0
MCD,positive,2018-11-13 , RT @thechartist: The great thing with trading momentum is that you don't need to 'predict' what the next market leaders will be. These stoc‚Ä¶,3.0
MCD,negative,2018-11-13 , When Will The Fraudulent Tone At The Top Change At #Allergan ?  $aapl $amzn $agn $brk $crm $cmg $hlf $hznp $halo‚Ä¶ https://t.co/6OzN7JEab4,-2.0
MCD,positive,2018-11-13 , Top 5 ST momentum stocks of the Dow 30: $PG $WBA $KO $MCD $JNJ    Bottom 5: $HD $XOM $AAPL $IBM $GS‚Ä¶ https://t.co/9l685VOTss,2.0
MCD,positive,2018-11-13 , Top 5 LT momentum stocks of the Dow 30: $WBA $PG $WMT $MCD $JNJ    Bottom 5: $XOM $DWDP $GS $HD $IBM‚Ä¶ https://t.co/3EWsZAXBYH,2.0
MCD,neutral,2018-11-13 , https://t.co/gT09fRBUzS's Chart of the Day - McDonald's $MCD https://t.co/DcJGE8Edmy via @Barchart,0.0
MCD,positive,2018-11-13 , Top 5 ST mom stocks of the S&amp;P 100: $SBUX $PG $WBA $KO $MCD    Bottom 5: $COP $QCOM $HAL $CELG $SLB‚Ä¶ https://t.co/zgv5tgK1uF,2.0
MCD,neutral,2018-11-13 , 10 Hot Restaurant Stocks to Watch https://t.co/D5H5nLuBD0 $MCD $CMG $YUM $WEN $HABT $WING $DENN $SBUX $DIN $LOCO,0.0
MCD,positive,2018-11-13 , $RETC 003 52WKH 29 cents. Look at historical massive runs b4 https://t.co/DkfO1MC2ns  $TOPS $OHGI $SHLD $EDU $NBEV‚Ä¶ https://t.co/veXv5VTSy2,2.0
MCD,neutral,2018-11-13 ," $RETC 003 52WKH 29 cents. Look at historical, massive runs b4 from here https://t.co/DkfO1MC2ns ü§Ø‚úàüí∏ $LOW $TWTR $LLY‚Ä¶ https://t.co/ow2Y9G11sC",0.0
MCD,positive,2018-11-12 , This turned out to be some nice insurance.. $MCD üçîüçü https://t.co/n0bUKRMF4Y,3.0
MCD,neutral,2018-11-12 ," RT @tradertob: Took a short on $MCD today. In the money already, but I'm giving it some room. https://t.co/Hxx5iER0S9",0.0
MCD,positive,2018-11-12 ," RT @lhamtil: ""I don't want to invest in Coca Cola.  It doesn't grow""   $KO new all-time high  ""I don't want to invest in McDonald's.  It do‚Ä¶",2.0
MCD,neutral,2018-11-12 , @RudyHavenstein shoulda had everything in $MCD - it was barely red today,0.0
MCD,neutral,2018-11-12 , @sssvenky So far $MCD $WMT $MRK $JNJ $CME,0.0
MCD,neutral,2018-11-12 ," Took a short on $MCD today. In the money already, but I'm giving it some room. https://t.co/Hxx5iER0S9",0.0
MCD,neutral,2018-11-12 , #ES_F Blueprint update $spx $spy  If you're new to trading or even seasoned.  Come check us out targets and a metho‚Ä¶ https://t.co/gjzBCVdKgr,0.0
MCD,neutral,2018-11-12 , Mcdonald's $MCD Technical Update https://t.co/7DGc8gYeb8,0.0
MCD,positive,2018-11-12 , @no_pullbacks @skylanetk Probably just a healthy rotation into $MCD $WMT etc....,2.0
MCD,positive,2018-11-12 ," RT @lhamtil: ""I don't want to invest in Coca Cola.  It doesn't grow""   $KO new all-time high  ""I don't want to invest in McDonald's.  It do‚Ä¶",2.0
MCD,neutral,2018-11-11 , $MCD some resistance here at the 127.2 extension https://t.co/jx5Kts9Hwq,0.0
MCD,neutral,2018-11-11 , $MCD McDonalds closed the week in the green for the fourth week in a row resting 23% above the Phase 4 Hyperwave su‚Ä¶ https://t.co/Qc9Xv62caN,0.0
MCD,neutral,2018-11-11 , @pdubl22 @ComfortablySmug @TheStalwart The kiosks are a revelation. Long $MCD and $DBD.,0.0
MCD,neutral,2018-11-11 , $MCD ready for a pull back,0.0
MCD,negative,2018-11-11 , RT @marc_milam: $MCD  damn. https://t.co/fQnNc3ITRa,-4.0
MCD,negative,2018-11-11 , $MCD  damn. https://t.co/fQnNc3ITRa,-4.0
MCD,neutral,2018-11-11 , RT @mytradingbuddy: Watch the Hot #Stocks Analysis &amp; Outlook Video for $KR $MCD $SAM $EA $BAX on our #mtbanalysis Mag &gt;&gt; https://t.co/HzV6w‚Ä¶,0.0
MCD,neutral,2018-11-11 , RT @BrandonVanZee: This week's #SectorSelector is available; full version for premium @Market_Scholars found here: https://t.co/hiIM7wllgI‚Ä¶,0.0
MCD,neutral,2018-11-11 , Watch the Hot #Stocks Analysis &amp; Outlook Video for $KR $MCD $SAM $EA $BAX on our #mtbanalysis Mag &gt;&gt;‚Ä¶ https://t.co/ATpObRLDG8,0.0
MCD,positive,2018-11-11 ," RT @RiebenFinancial: A good reminder that long term investing doesn't have to be complicated. I call these ""common sense"" stocks and they a‚Ä¶",3.0
MCD,neutral,2018-11-10 , See the tweet below. Current this week $PTEN $NWL $TJX $EPD $TBT $NE $TAL $SPXS $MXIM $WELL $MMM $SRC $CSX $KBR‚Ä¶ https://t.co/iq2lE92Eo5,0.0
MCD,positive,2018-11-10 , if you picked the right stocks then you're enjoying some nice breakouts. $MCD broke out this week https://t.co/0G9gg2ix1M,4.0
MCD,positive,2018-11-10 , Mcdonald‚Äôs $MCD Price Target Increased to $205.00 by Analysts at Cowen https://t.co/I2GYhBg0VM,1.0
MCD,positive,2018-11-10 , Mcdonald‚Äôs $MCD Price Target Increased to $205.00 by Analysts at Cowen  https://t.co/Z4l2j40J85,1.0
MCD,neutral,2018-11-10 ," History doesn't repeat itself exactly, but it always rhymes (Tulips, Bitcoin, Tilray, McDonald's,...) because peopl‚Ä¶ https://t.co/p4WUK2KxF3",0.0
MCD,neutral,2018-11-10 , RT @BrandonVanZee: This week's #SectorSelector is available; full version for premium @Market_Scholars found here: https://t.co/hiIM7wllgI‚Ä¶,0.0
MCD,neutral,2018-11-10 , Did You Think The Selling Was Over? $F $GM $LVS $MAR $TIF $WYNN $BABA $SPX $RACE $RL $VZ $MCD $WMT $COST $AMZN $MSFT https://t.co/oVz0V9coWA,0.0
MCD,negative,2018-11-10 ," $MCD Anyone that‚Äôs been bearish from 170 to 185 opinion is meaningless, they know nothing. Lose money listening to stupid people lol.",-1.0
MCD,neutral,2018-11-10 , RT @tasciccac: $DJIA WKLY Best performance $IBM $UNH $MCD $TRV $WBA $AXP $MMM $CVX $WMT $PFE Worst $GS $AAPL $XOM $NKE $CAT $DWDP #Ichimoku‚Ä¶,0.0
MCD,positive,2018-11-10 , $MCD bearish  reach a Top now time for a pull back,3.0
IBM,neutral,2018-11-14 , I Am Deeply Embarrassed By Ga.'s Offering To $AMZN For An HQ2! Companies Like $KO &amp; $HD Should Ask For More Just To‚Ä¶ https://t.co/XHiK9mbozK,0.0
IBM,neutral,2018-11-14 , Is $aapl a buy around $180-$185? $spy $dia $iwm $gld $uco $xlk $xle $xlf $xlv $xlb $xli $xly $xlp $xlu $msft $amzn‚Ä¶ https://t.co/Hxg5SlM3E1,0.0
IBM,neutral,2018-11-14 , Did Mr. Buffet make the right decision to bet on $jpm? $spy $dia $gld $uco $xlf $xlk $xle $xlv $xlu $xlp $xly $xlb‚Ä¶ https://t.co/imTD0CwIt8,0.0
IBM,neutral,2018-11-14 , RT @gurufocus: Canadian investor buys Rockwell Collins and Radisys https://t.co/vHcghMLtnB $COL $RSYS $IBM $IRBT https://t.co/r6OsnnCOOF,0.0
IBM,neutral,2018-11-14 , Canadian investor buys Rockwell Collins and Radisys https://t.co/vHcghMLtnB $COL $RSYS $IBM $IRBT https://t.co/r6OsnnCOOF,0.0
IBM,positive,2018-11-14 , RT @TDANetwork: @geek_king @MthreeC @CloudExpo @OJRenick ... and an excellent discussion it was! Below is a link to a clip of the interview‚Ä¶,3.0
IBM,neutral,2018-11-14 , RT @EcexExchange: Invest in the  https://t.co/VOEUjnISk5               üöÄüî• $AMZN $ETSY $BABA $WMT $TGT $KR $JPM $FB $WFC $GOOG $SNAP $TWTR‚Ä¶,0.0
IBM,neutral,2018-11-14 , RT @EnclaveResearch: $IBM due for a comeback? #markets https://t.co/qBgYUHqpRg,0.0
IBM,neutral,2018-11-14 , #SP500 today: $MSFT $GOOG $FB $BRK.B $JPM $BAC $AAPL $AMZN $PFE $XOM $PG $KO $BA $HD $DIS $NFLX $CSCO $INTC $ORCL‚Ä¶ https://t.co/cnNzpHfYD5,0.0
IBM,positive,2018-11-14 , @YahooFinance @JustinPulitzer @SallyPancakes this is going to be nice bookend to his $IBM play,3.0
IBM,positive,2018-11-13 , Do you see $GE share to recove some losses into 2018 end? $SPY $DIA $GLD $UCO $XLK $XLI $XLP $XLY $XLV $XLE $XLF‚Ä¶ https://t.co/8kcEixgDnF,1.0
IBM,negative,2018-11-13 ," No Stranger To Luring Investors Into Fraud, Allergan Chairman &amp; CEO, Along With PWC, Need To Be Accountable For The‚Ä¶ https://t.co/0bKrTmF4YP",-5.0
IBM,neutral,2018-11-13 , RT @aaaamhim: $RETC 003 52WKH 29 cents Look at historical https://t.co/DkfO1MC2ns $GE $BAC $F $FCX $JCP $CHK $AUY $PBR $CLF $WFC $AA $ABBV‚Ä¶,0.0
IBM,neutral,2018-11-13 , #mixed day $GOOGL $FB $JPM $C $BAC $WFC $AAPL $PM $PG $GE $HON $JNJ $CSCO $MSFT $INTC $TWTR $TSLA $V $DIS $UNH $VZ‚Ä¶ https://t.co/QZ5hLOY4wY,0.0
IBM,negative,2018-11-13 , FRAUD Is Systemic at #Allergan !! $aapl $amzn $agn $brk $crm $cmg $hlf $hznp $halo $iep $ibm $jnj $ko $pep $wba‚Ä¶ https://t.co/VU0c9HA7RB,-4.0
IBM,negative,2018-11-13 , When Will The Fraudulent Tone At The Top Change At #Allergan ?  $aapl $amzn $agn $brk $crm $cmg $hlf $hznp $halo‚Ä¶ https://t.co/6OzN7JEab4,-2.0
IBM,neutral,2018-11-13 , Mozart trading system: https://t.co/twnUlSxBF3 $TQQQ $WOOF $XLP $QLD $IBB $HDV $CCI $GLD $EFX $CNP $IFF $TSLA $AMZN $MSFT $IBM $GOOGL $SPY,0.0
IBM,positive,2018-11-13 , Top 5 ST momentum stocks of the Dow 30: $PG $WBA $KO $MCD $JNJ    Bottom 5: $HD $XOM $AAPL $IBM $GS‚Ä¶ https://t.co/9l685VOTss,2.0
IBM,positive,2018-11-13 , Top 5 LT momentum stocks of the Dow 30: $WBA $PG $WMT $MCD $JNJ    Bottom 5: $XOM $DWDP $GS $HD $IBM‚Ä¶ https://t.co/3EWsZAXBYH,2.0
IBM,positive,2018-11-13 , Top 5 LT mom stocks of the S&amp;P 100: $WBA $FOXA $PG $SBUX $WMT    Bottom 5: $AIG $IBM $CELG $HAL $SLB‚Ä¶ https://t.co/DnURMAvrsi,2.0
IBM,neutral,2018-11-12 , $IBM the bear pattern is confirmed &amp; a SHORT signal is issued @ https://t.co/NmLxmYeOjp. Short Level: 123.3300  Target: 120.8634,0.0
IBM,neutral,2018-11-12 , RT @aaaamhim: $PLAG IS OVERSHORTED can break well over $5 in Afterhours #bitcoin $GE $BAC $F $FCX $JCP $CHK $AUY $PBR $CLF $WFC $AA $ABBV $‚Ä¶,0.0
IBM,neutral,2018-11-12 , $PLAG IS OVERSHORTED can break well over $5 in Afterhours #bitcoin $GE $BAC $F $FCX $JCP $CHK $AUY $PBR $CLF $WFC‚Ä¶ https://t.co/7ffO4BLg1L,0.0
IBM,neutral,2018-11-12 , $PLAG can break well over $5 in AfterH L2 THIN OVERSHORTED #bitcoin $GE $BAC $F $FCX $JCP $CHK $AUY $PBR $CLF $WFC‚Ä¶ https://t.co/ygL3NwkPob,0.0
IBM,neutral,2018-11-12 , RT @TDANetwork: What does IBM's acquisition of Red Hat mean for the future of the #cloud space?   Greg Bledsoe took a quick break from #Clo‚Ä¶,0.0
IBM,neutral,2018-11-12 , Is Berkshire investment a contra indicator? $IBM $AAPL and even $BRK ü§îüëÄ,0.0
IBM,positive,2018-11-12 , RT @OJRenick: cool chat today getting into the weeds of... Agile Lean and DevOps üßêü§ìüë®‚Äçüíª. Super insightful look behind the scenes at some of‚Ä¶,4.0
IBM,positive,2018-11-12 , RT @OJRenick: cool chat today getting into the weeds of... Agile Lean and DevOps üßêü§ìüë®‚Äçüíª. Super insightful look behind the scenes at some of‚Ä¶,4.0
IBM,positive,2018-11-12 , cool chat today getting into the weeds of... Agile Lean and DevOps üßêü§ìüë®‚Äçüíª. Super insightful look behind the scenes a‚Ä¶ https://t.co/ZCgBGDb6AI,4.0
IBM,neutral,2018-11-12 , What does IBM's acquisition of Red Hat mean for the future of the #cloud space?   Greg Bledsoe took a quick break f‚Ä¶ https://t.co/PljFXv3Opq,0.0
IBM,negative,2018-11-11 , RT @LoLattheUS: @DiMartinoBooth Photo shows $IBM IIRC suspended buybacks w/@RedHat acquisition. Does it matter? No. Why? Because SKILLED Am‚Ä¶,-1.0
IBM,neutral,2018-11-11 , RT @ErnestMEdsel1: Meh. #CSWS Oligarchs @USChamber @SenBillNelson @AndrewGillum now replacing US voters with #H1B #S281 #HR392 India Outsou‚Ä¶,0.0
IBM,neutral,2018-11-11 , RT @ErnestMEdsel1: CALLING BOMBAY @USChamber @SenBillNelson need #H1B #S281 #HR392 India Outsource slaves to vote for them so they can keep‚Ä¶,0.0
IBM,positive,2018-11-11 ," Week's Most Significant #Insider Trades: Week of November 5, 2018 $AXP $BDX $DIS $GE $HAS $IBM $LMT $MA $MSFT $NEE‚Ä¶ https://t.co/uJNqWIh7sv",1.0
IBM,negative,2018-11-11 , #Allergan To Replace ~$2B In $Teva Losses With New Debt $aapl $amzn $agn $bhc $brk $crm $cmg $dis $esrx $f $gild‚Ä¶ https://t.co/zxxNmlGpkO,-2.0
IBM,positive,2018-11-11 , I Want My üí∞ Back! #Wellsfargo Fueled The Kickback Scheme $aapl $amzn $agn $brk $crm $cmg $dis $esrx $f $hlf $iep‚Ä¶ https://t.co/Fi3aIEdkYP,1.0
IBM,positive,2018-11-11 , Top story: @Spotting_Stocks: '20/ Dow Jones stocks: Microsoft's uptrend in 2018.  $FB $GOOGL $JPM $BAC $WFC $AAPL‚Ä¶ https://t.co/1KHiGgwXNB,2.0
IBM,negative,2018-11-11 , RT @aaaamhim: $SPDL 007 WHAAAT?! Unknown. A STEAL https://t.co/cxhzTkKaDaüöÅüî•‚úàüí∏ $GE $BAC $F $FCX $JCP $CHK $AUY $PBR $CLF $WFC $AA $ABBV $KMI‚Ä¶,-2.0
IBM,negative,2018-11-11 , $SPDL 007 WHAAAT?! Unknown. A STEAL https://t.co/cxhzTkKaDaüöÅüî•‚úàüí∏ $GE $BAC $F $FCX $JCP $CHK $AUY $PBR $CLF $WFC $AA‚Ä¶ https://t.co/iQefqEfwid,-2.0
IBM,negative,2018-11-10 ," RT @jwangARK: In the 90s, there were four great computing companies: $MSFT $INTC $IBM $AAPL. The safest bet did the worst. The worst bet di‚Ä¶",-3.0
IBM,neutral,2018-11-10 , See the tweet below. Current this week $PTEN $NWL $TJX $EPD $TBT $NE $TAL $SPXS $MXIM $WELL $MMM $SRC $CSX $KBR‚Ä¶ https://t.co/iq2lE92Eo5,0.0
IBM,positive,2018-11-10 , $IBM Does the Red Hat Deal Make #IBM Stock Worth Buying? https://t.co/M2Wi3kFVha $SLV $GLD $QQQ $DJIA $DIA $BTC‚Ä¶ https://t.co/G2oqmo4Yhw,2.0
IBM,negative,2018-11-10 ," RT @jwangARK: In the 90s, there were four great computing companies: $MSFT $INTC $IBM $AAPL. The safest bet did the worst. The worst bet di‚Ä¶",-3.0
IBM,negative,2018-11-10 ," RT @jwangARK: In the 90s, there were four great computing companies: $MSFT $INTC $IBM $AAPL. The safest bet did the worst. The worst bet di‚Ä¶",-3.0
IBM,positive,2018-11-10 , Best performing large-cap stocks this week. Full reports at: https://t.co/DmsDO8RPRd $ABBV $CVS $OXY $IBM $SBUX‚Ä¶ https://t.co/VgqcmqIwr7,3.0
IBM,negative,2018-11-10 ," RT @jwangARK: In the 90s, there were four great computing companies: $MSFT $INTC $IBM $AAPL. The safest bet did the worst. The worst bet di‚Ä¶",-3.0
IBM,negative,2018-11-10 ," RT @jwangARK: In the 90s, there were four great computing companies: $MSFT $INTC $IBM $AAPL. The safest bet did the worst. The worst bet di‚Ä¶",-3.0
IBM,neutral,2018-11-10 , RT @tasciccac: $DJIA WKLY Best performance $IBM $UNH $MCD $TRV $WBA $AXP $MMM $CVX $WMT $PFE Worst $GS $AAPL $XOM $NKE $CAT $DWDP #Ichimoku‚Ä¶,0.0
IBM,neutral,2018-11-10 , $google $fb $aapl $amzn $nflx $msft $nvda $baba $tsla $arg $brk $crm $ibm $pep $bac $bhc $yelp $jpm https://t.co/EjQZGectEo,0.0
MSFT,positive,2018-11-14 ," RT @HedgeMind: $MSFT Stanley Druckenmiller remains bullish as he increased stake by 538K shares, 18% to hold 3.5M shares Q3. MSFT is now hi‚Ä¶",3.0
MSFT,positive,2018-11-14 ," RT @HedgeMind: $MSFT Stanley Druckenmiller remains bullish as he increased stake by 538K shares, 18% to hold 3.5M shares Q3. MSFT is now hi‚Ä¶",3.0
MSFT,positive,2018-11-14 ," RT @HedgeMind: $MSFT Stanley Druckenmiller remains bullish as he increased stake by 538K shares, 18% to hold 3.5M shares Q3. MSFT is now hi‚Ä¶",3.0
MSFT,positive,2018-11-14 ," RT @HedgeMind: $MSFT Stanley Druckenmiller remains bullish as he increased stake by 538K shares, 18% to hold 3.5M shares Q3. MSFT is now hi‚Ä¶",3.0
MSFT,positive,2018-11-14 ," $MSFT Stanley Druckenmiller remains bullish as he increased stake by 538K shares, 18% to hold 3.5M shares Q3. MSFT‚Ä¶ https://t.co/1AdtxH12jM",3.0
MSFT,neutral,2018-11-14 , Is $aapl a buy around $180-$185? $spy $dia $iwm $gld $uco $xlk $xle $xlf $xlv $xlb $xli $xly $xlp $xlu $msft $amzn‚Ä¶ https://t.co/Hxg5SlM3E1,0.0
MSFT,neutral,2018-11-14 , Did Mr. Buffet make the right decision to bet on $jpm? $spy $dia $gld $uco $xlf $xlk $xle $xlv $xlu $xlp $xly $xlb‚Ä¶ https://t.co/imTD0CwIt8,0.0
MSFT,neutral,2018-11-14 , RT @Sandro_power: Live stream tonight 9:00pm  Eastern Standard Time  $GS  $AMD $TWTR $FB $DIS $AAPL $AMZN $MSFT adaptive thinking and adapt‚Ä¶,0.0
MSFT,positive,2018-11-14 ," @warrenbuffet buys shares in $pnc, $jpm, and $trv. business as usual. #banking and #insurance. HOW DO YOU EXPLAIN‚Ä¶ https://t.co/S95kZVqEic",1.0
MSFT,neutral,2018-11-14 , $MSFT Microsoft Ties Inclusion Effort to Workers&amp;apos Compensation Package via https://t.co/jURZDymPXI,0.0
MSFT,positive,2018-11-13 ," 2/2 - In April 2018, I called #KOPIN #AR #WearableTech design win inside upcoming #GoogleGlass V3:‚Ä¶ https://t.co/55rzt1FxQq",4.0
MSFT,positive,2018-11-13 , 1/2 - In this August 2015 article I called a socket win for #KOPIN inside #GoogleGlass:  https://t.co/CdmG8GJBKC  A‚Ä¶ https://t.co/Err3ORvOqy,4.0
MSFT,negative,2018-11-13 , RT @ChrisDenk: $MGON Feeding frenzy starting at any moment. NEWS and updated company filing expected this week!  $MSFT $BABA $SBUX $TSN $FB‚Ä¶,-3.0
MSFT,positive,2018-11-13 , RT @ChrisDenk: $MGON Strong Buy on @Barchart! I need to grab more shares before this is trading in multi-pennies! $MSFT $BABA $SBUX $TSN $F‚Ä¶,3.0
MSFT,neutral,2018-11-13 , RT @aaaamhim: $RETC 003 52WKH 29 cents. Look at historical https://t.co/DkfO1MC2ns ü§Ø‚úàüí∏ $RDUS $UTHR $PTLA $ALDR $OPK $GLPG $ARWR $ONCS $MTEM‚Ä¶,0.0
MSFT,positive,2018-11-13 , $spx $msft $intc $nasdaq $gm $f $jpm $gs $c $v $ma $djia $GE shares jump to best day in 3 years after accelerated B‚Ä¶ https://t.co/L9vwT1y10v,4.0
MSFT,neutral,2018-11-13 , #mixed day $GOOGL $FB $JPM $C $BAC $WFC $AAPL $PM $PG $GE $HON $JNJ $CSCO $MSFT $INTC $TWTR $TSLA $V $DIS $UNH $VZ‚Ä¶ https://t.co/QZ5hLOY4wY,0.0
MSFT,neutral,2018-11-13 , RT @coinyeezy: @hashamadeus @derose @jaybny @MrHodl @pdubl22 @Flogging_donkey @_ToneVays______ @HomelessOnMoon @BitcoinCore_ @StopAndDecryp‚Ä¶,0.0
MSFT,neutral,2018-11-13 , RT @coinyeezy: @hashamadeus @derose @jaybny @MrHodl @pdubl22 @Flogging_donkey @_ToneVays______ @HomelessOnMoon @BitcoinCore_ @StopAndDecryp‚Ä¶,0.0
MSFT,neutral,2018-11-13 , @hashamadeus @derose @jaybny @MrHodl @pdubl22 @Flogging_donkey @_ToneVays______ @HomelessOnMoon @BitcoinCore_‚Ä¶ https://t.co/VwsNeLoLpN,0.0
MSFT,neutral,2018-11-12 , https://t.co/j6FAN3tzoB  $MSFT #azzure vs $AMZN #aws #cloud,0.0
MSFT,neutral,2018-11-12 ," RT @Convertbond: Breaking: FANG Equities on a Key Level, trend break...  https://t.co/PYCyggk9B2  $FB $AMZN $AAPL $GOOGL  $MSFT $NVDA $TSLA‚Ä¶",0.0
MSFT,positive,2018-11-12 , With today‚Äôs huge selloff 600 pts; i am selectively going long $BA $ULTA $TMO $MSFT,1.0
MSFT,negative,2018-11-12 , The tech turnaround is in serious danger as sellers swarm again. Mon movers:  $AMD -9.5% $NVDA -7.8 $IPGP -6.3‚Ä¶ https://t.co/8BqMrXWdwJ,-2.0
MSFT,neutral,2018-11-12 , $MSFT beauty.. will it hold? https://t.co/CxPgCUiK4G,0.0
MSFT,neutral,2018-11-12 , $AAPL $GE $FB $AMD $BAC $BABA $AMZN $TSLA $MSFT $NFLX $AMRN $NVDA $MU $WMT $SQ $CZR $PBR $GS $HD $SNAP $F $V $T $SN‚Ä¶ https://t.co/vrZLCSqJBh,0.0
MSFT,neutral,2018-11-12 , Microsoft Corporation (MSFT) ‚Äì Unusual Volume Stock in Focus https://t.co/IsnmD0W7kb $MSFT #stocks #stockmarket,0.0
MSFT,neutral,2018-11-12 , Microsoft acquires two RPG game studios... https://t.co/C1OxS0ClX5 $MSFT,0.0
MSFT,neutral,2018-11-12 , $MSFT Todays trading with Microsoft Corp for $106.87 on date 2018-11-12. #Finance,0.0
MSFT,neutral,2018-11-12 , $PLAG can break well over $5 in AfterHou L2 THIN &amp; OVERSHORTEDüí∏üçæ‚úà $NVCN $AAPL $GOOG $INTC $AMZN $MSFT $CMCSA $PFE‚Ä¶ https://t.co/pN4WZXcCJr,0.0
MSFT,neutral,2018-11-11 , RT @ErnestMEdsel1: Meh. #CSWS Oligarchs @USChamber @SenBillNelson @AndrewGillum now replacing US voters with #H1B #S281 #HR392 India Outsou‚Ä¶,0.0
MSFT,neutral,2018-11-11 , Runner up?   $TSLA $MSFT $CMG $WMT $TRIP $BA $CSCO,0.0
MSFT,neutral,2018-11-11 , RT @ErnestMEdsel1: CALLING BOMBAY @USChamber @SenBillNelson need #H1B #S281 #HR392 India Outsource slaves to vote for them so they can keep‚Ä¶,0.0
MSFT,positive,2018-11-11 ," Week's Most Significant #Insider Trades: Week of November 5, 2018 $AXP $BDX $DIS $GE $HAS $IBM $LMT $MA $MSFT $NEE‚Ä¶ https://t.co/uJNqWIh7sv",1.0
MSFT,neutral,2018-11-11 ," RT @StockWebTrading: $ADM $ADP $CL $FLS $FTV $L $HST Liquid stocks from $SPY 500, long and short positions with up to 1200% in profits http‚Ä¶",0.0
MSFT,neutral,2018-11-11 ," RT @StockWebTrading: $ADM $ADP $CL $FLS $FTV $L $HST Liquid stocks from $SPY 500, long and short positions with up to 1200% in profits http‚Ä¶",0.0
MSFT,neutral,2018-11-11 ," RT @StockWebTrading: $ADM $ADP $CL $FLS $FTV $L $HST Liquid stocks from $SPY 500, long and short positions with up to 1200% in profits http‚Ä¶",0.0
MSFT,negative,2018-11-11 , $MSFT Microsoft ended a five week losing streak closing 13% above the Phase 4 Hyperwave support line. https://t.co/2yw4Wei9Ja,-1.0
MSFT,neutral,2018-11-11 ," .@DXCTechnology using @realwearinc HMT-1 #wearables #HMD in field trials.   Soon the question will be, who isn‚Äôt de‚Ä¶ https://t.co/yd9QoEzmgW",0.0
MSFT,positive,2018-11-11 , Top 7 market buy flow $ATVI $AMZN $SBUX $CTRP $CELG $MCHP $AAPL and Top 7 market sell flow $NFLX $MSFT $NVDA $FLEX‚Ä¶ https://t.co/1nzsWW7Y92,4.0
MSFT,positive,2018-11-10 , RT @jazzytrades: $AAPL $AMD $AMZN $FB $GOOGL $MSFT $NFLX $NVDA $TSLA $SPY Key Levels of Support and Resistance for Nov 12 2018 https://t.co‚Ä¶,2.0
MSFT,negative,2018-11-10 ," RT @jwangARK: In the 90s, there were four great computing companies: $MSFT $INTC $IBM $AAPL. The safest bet did the worst. The worst bet di‚Ä¶",-3.0
MSFT,neutral,2018-11-10 , See the tweet below. Current this week $qqq $aapl $tvix $veon $csco $sir $rook $mu $msft $fb $sqqq $intc $cmcsa‚Ä¶ https://t.co/cOKHcDrC1H,0.0
MSFT,neutral,2018-11-10 , See the tweet below. Current this week $msft $amzn $fb $goog $jnj $jpm $googol $abc $wfc $wmt $cvx $hd $pg $unh‚Ä¶ https://t.co/VAfy0HqIdr,0.0
MSFT,neutral,2018-11-10 , See the tweet below. Current this week $ARW $STNG $F $DAL $UVXY $BBD $FCX $MSFT $IQ $PFE $USO $C $XLE $AKS $TEVA‚Ä¶ https://t.co/R0M8kgG5OI,0.0
MSFT,neutral,2018-11-10 , Microsoft analysis ,0.0
MSFT,neutral,2018-11-10 , QuantAlphaMR trading system https://t.co/At7uqUR02k #quant #alpha #trading $BAX $UNH $MSFT $TXN $AMAT,0.0
MSFT,negative,2018-11-10 ," RT @jwangARK: In the 90s, there were four great computing companies: $MSFT $INTC $IBM $AAPL. The safest bet did the worst. The worst bet di‚Ä¶",-3.0
MSFT,negative,2018-11-10 ," RT @jwangARK: In the 90s, there were four great computing companies: $MSFT $INTC $IBM $AAPL. The safest bet did the worst. The worst bet di‚Ä¶",-3.0
MSFT,positive,2018-11-10 , $AAPL $AMD $AMZN $FB $GOOGL $MSFT $NFLX $NVDA $TSLA $SPY Key Levels of Support and Resistance for Nov 12 2018 https://t.co/bRXQaLhdGx,2.0
SNE,positive,2018-11-14 , PlayStation begins collecting 9% Chicago amusement tax from users. $SNE $SPOT $NFLX #playstation  #Chicago #taxes  https://t.co/VppIrsUicE,3.0
SNE,neutral,2018-11-14 , This guy from @cnbc @jimcramer Jim Cramer doesn't get it.. The U. S. have to keep raising rates because a lot of fu‚Ä¶ https://t.co/6aW7yHgs2i,0.0
SNE,positive,2018-11-14 , $YCS $SNE $MS $SNE Guess who benefits of a stonger dollar? Well well $YCS $SNE #Sony $MS $RKUNY #RAKUTEN big time!‚Ä¶ https://t.co/E9dFp6iiox,3.0
SNE,neutral,2018-11-14 , RT @CreationValue: $SBSAA Spanish Broadcasting Patrick Fitzgerald  I'm wondering if you can paydown more of your bonds with cash on the bal‚Ä¶,0.0
SNE,positive,2018-11-14 ," RT @Jjmathew2: $SNE - a consumer electronics/entertainment business, traded at $60/share on 10/2018 - decreased (15%) to $51/share  Gain fr‚Ä¶",4.0
SNE,neutral,2018-11-14 , RT @CreationValue: $MNI McClatchy $TPCO Tribune $DIS $T $SNE $SBSAA $NEWM $NYT $NWS $NWSA $FB $AMZN $TWTR $SNAP $GOOG $ONLN $TV $BABA $WMT‚Ä¶,0.0
SNE,negative,2018-11-14 ," RT @CreationValue: $FWONA $FWONK $CHTR Charter Loses 66,000 Pay TV Subscribers in Third Quarter as customers migrate to $SNE Sony PlayStati‚Ä¶",-1.0
SNE,positive,2018-11-14 , RT @CreationValue: Where's $RKUNY #Rakuten #RakutenTV on this slide #Immortal #Flywheel #NoOneIsABackupBand $LYV #LIBERTYINVESTORDAY Rakute‚Ä¶,2.0
SNE,neutral,2018-11-14 , Get ready for the #Olympics #Tokyo2020 $SNE #Sony will be closer to $AAPL Apple Market cap and $RKUNY #Rakuten clos‚Ä¶ https://t.co/hbr15sgEXw,0.0
SNE,positive,2018-11-14 , Where's $RKUNY #Rakuten #RakutenTV on this slide #Immortal #Flywheel #NoOneIsABackupBand $LYV #LIBERTYINVESTORDAY R‚Ä¶ https://t.co/Br2jF2BJ5q,2.0
SNE,negative,2018-11-13 , RT @mercadomagico: #Sony #PlayStation flying off the shelves Hurry only one left!! This is for the #Warriors Limited Edition Sony Playstati‚Ä¶,-1.0
SNE,positive,2018-11-13 ," $SBSAA Spanish Broadcasting System Revenues, OIBDA Increase For Third Quarter https://t.co/C4NlbaWo0g $TRBNW $SFTBY‚Ä¶ https://t.co/WrpXXh6vjQ",1.0
SNE,positive,2018-11-13 ," $SNE - a consumer electronics/entertainment business, traded at $60/share on 10/2018 - decreased (15%) to $51/share‚Ä¶ https://t.co/OYElXcArx4",2.0
SNE,neutral,2018-11-13 , $SBSAA Spanish Broadcasting could go up a. Lot if raul decides to sell opens board to outside directors and is more‚Ä¶ https://t.co/4wjhE0WRD3,0.0
SNE,positive,2018-11-13 , $SNE Sony better than $AAPL Apple with Sony you get into the sensors business upside in camera and any smartphone m‚Ä¶ https://t.co/nn9N5Eamr4,2.0
SNE,positive,2018-11-13 , RT @mercadomagico: The best gift üì¶ for #Christmas üéÑ is a  #Rakuten #kobo #ebook #EReaders &amp; #Sony #PS4   üéÆ üìö   you can have the best of bot‚Ä¶,8.0
SNE,neutral,2018-11-13 , @terranovajoe Any thoughts on $SNE here?,0.0
SNE,negative,2018-11-13 , RT @theflynews: Game On: Take-Two says 'Red Dead 2' has outsold first 'RDR' in just eight days $SNE $MSFT $T $NTDOY $ATVI $TTWO https://t.c‚Ä¶,-3.0
SNE,negative,2018-11-13 , RT @theflynews: Game On: Take-Two says 'Red Dead 2' has outsold first 'RDR' in just eight days $SNE $MSFT $T $NTDOY $ATVI $TTWO https://t.c‚Ä¶,-3.0
SNE,negative,2018-11-13 , Game On: Take-Two says 'Red Dead 2' has outsold first 'RDR' in just eight days $SNE $MSFT $T $NTDOY $ATVI $TTWO https://t.co/ciO520wpBK,-3.0
SNE,neutral,2018-11-12 ," WV actually talked down $aapl,  $amzn, $sne, $nflx,  $nvda, $amd,  $hpq,  $intc and more in addition to $tsla. Pret‚Ä¶ https://t.co/zS4vJjw1eg",0.0
SNE,neutral,2018-11-12 , This guy from @cnbc @jimcramer Jim Cramer doesn't get it.. The U. S. have to keep raising rates because a lot of fu‚Ä¶ https://t.co/TQ7QhnuBuf,0.0
SNE,positive,2018-11-12 , $YCS $SNE $MS $SNE Guess who benefits of a stonger dollar? Well well $YCS $SNE #Sony $MS $RKUNY #RAKUTEN big time!‚Ä¶ https://t.co/T73xYuPuiZ,3.0
SNE,positive,2018-11-12 , RT @RakutenStock: $RKUNY Rakuten reports blow out quarter double digits increase in revenues profits &amp; investments appreciation stock shoul‚Ä¶,3.0
SNE,positive,2018-11-12 , RT @RakutenStock: $RKUNY Rakuten reports blow out quarter double digits increase in revenues profits &amp; investments appreciation stock shoul‚Ä¶,3.0
SNE,neutral,2018-11-12 , RT @RakutenStock: $RKUNY #Rakuten Rakuten has SoftBank in its sights https://t.co/hlWF9ECsff $SFTBY $T $EWJ $JOF $SNE $DIS $AAPL $AMZN $WFC‚Ä¶,0.0
SNE,neutral,2018-11-12 , Get ready for the #Olympics #Tokyo2020 $SNE #Sony will be closer to $AAPL Apple Market cap and $RKUNY #Rakuten clos‚Ä¶ https://t.co/3SNU6HOPdB,0.0
SNE,positive,2018-11-12 , RT @SwingTradeBot: 200 DMA Support today: $ADBE $SNE $SIEN ... https://t.co/LjP7KUcNnp,2.0
SNE,positive,2018-11-12 , RT @SwingTradeBot: 200 DMA Support today: $ADBE $SNE $SIEN ... https://t.co/LjP7KUcNnp,2.0
SNE,positive,2018-11-12 , 200 DMA Support today: $ADBE $SNE $SIEN ... https://t.co/LjP7KUcNnp,2.0
SNE,neutral,2018-11-11 ," $SCOR Reveals Weekend's Movies Mega-Numbers $SNE, $FOXA, $FOX, $CMCSA, $DIS, $VIAB, $VIA, $T, $LGF.A, $LGF.B  https://t.co/Y8p1fSLvio",0.0
SNE,negative,2018-11-11 ," $VIA $SNE $CMCSA:  The Wall Street Journal: ‚ÄòThe Grinch‚Äô steals box office as ‚ÄòOverlord,‚Äô ‚ÄòGirl in the Spi‚Ä¶:  https://t.co/afft1PBDr9",-2.0
SNE,positive,2018-11-11 , RT @theflynews: Box Office Battle: 'Dr. Seuss' The Grinch' wins weekend with $66M $T $CMCSA $CMCSK $SNE $FOX $FOXA $LGF.A $DIS $VIAB $VIA h‚Ä¶,3.0
SNE,positive,2018-11-11 , RT @theflynews: Box Office Battle: 'Dr. Seuss' The Grinch' wins weekend with $66M $T $CMCSA $CMCSK $SNE $FOX $FOXA $LGF.A $DIS $VIAB $VIA h‚Ä¶,3.0
SNE,positive,2018-11-11 , Box Office Battle: 'Dr. Seuss' The Grinch' wins weekend with $66M $T $CMCSA $CMCSK $SNE $FOX $FOXA $LGF.A $DIS‚Ä¶ https://t.co/oGmiO54103,3.0
SNE,neutral,2018-11-11 , 12 Industries That May Not Exist By 2020   $MA  $V  $AXP  $DFS  $GOOGL  $AAPL  $NFLX  $AMC  $MCD  $TWC  $VZ  $T  $S‚Ä¶ https://t.co/fOXt8ILTdT,0.0
SNE,neutral,2018-11-11 , Bank of Montreal Can Grows Holdings in Sony Corp $SNE  https://t.co/KwVMKD4Ams,0.0
SNE,positive,2018-11-11 , RT @subset_member: $SNE now has two huge Marvel properties with Spider-man and Venom.... $DIS and others surely taking notice as this troun‚Ä¶,4.0
SNE,neutral,2018-11-10 , $RKUNY #Rakuten Rakuten has SoftBank in its sights https://t.co/hlWF9ECsff $SFTBY $T $EWJ $JOF $SNE $DIS $AAPL‚Ä¶ https://t.co/Tn2IGitBWE,0.0
SNE,positive,2018-11-10 , RT @StockTweetsHQ: NEW_A Rose Is A Rose Is A Rose_Alliance Creative Group $ACGX Negotiating New Non Toxic Credit Line With Bank Of America‚Ä¶,2.0
SNE,positive,2018-11-10 , @subset_member Good to know. So as you said if Spidey is going strong then $SNE stands to benefit?,7.0
SNE,positive,2018-11-10 , $SNE now has two huge Marvel properties with Spider-man and Venom.... $DIS and others surely taking notice as this‚Ä¶ https://t.co/7THJTWwvYV,4.0
SNE,neutral,2018-11-10 , Atwood &amp; Palmer INC Upped Stake in Sony Corp $SNE by $5.05 Million - https://t.co/1saDH8EOAY,0.0
SNE,positive,2018-11-10 , Atwood &amp; Palmer INC Has Upped Position in Sony Corp $SNE by $5.05 Million as Share Value Rose - https://t.co/on3FWkIN6t,1.0
SNE,positive,2018-11-10 , Sony Corp $SNE Holder Atwood &amp; Palmer INC Has Boosted Stake by $5.05 Million as Stock Price Rose https://t.co/OMnGJam6yH,1.0
SNE,positive,2018-11-10 , Atwood &amp; Palmer INC Has Upped Its Stake in Sony Corp $SNE by $5.05 Million as Shares Rose - https://t.co/FfU8BLeINl,1.0
SNE,positive,2018-11-10 ," As Sony Corp $SNE Share Value Rose, Atwood &amp; Palmer INC Boosted Its Stake by $5.05 Million https://t.co/RO9U47yvk9",2.0
GE,neutral,2018-11-14 , #bitcoin #btc #crypto video still coming tonight. This will also go over the movements in the $spy $aapl $amzn $brk‚Ä¶ https://t.co/eUBGeBhtND,0.0
GE,neutral,2018-11-14 , $GE Credit Crunch Ripples Across Wall Street  https://t.co/4G1oiuo5lj,0.0
GE,positive,2018-11-14 , The nice thing about shorting $GE with puts is the volume is huge.   Got out today after a 12% gain. I‚Äôll be back.,6.0
GE,negative,2018-11-14 , RT @DavidSchawel: $GE with $111bil of debt https://t.co/TCIRiTg8Iz,-2.0
GE,neutral,2018-11-14 ," RT @GretaLWall: #MarketWatch $AAPL, $GE, $FB all making recovery after Monday's dips, pushing DOW out of morning slump",0.0
GE,positive,2018-11-14 , RT @michaelsantoli: The latest plunge in $GE pretty decisively broke an 86-year uptrend for the stock. (Chart courtesy of Jeff deGraaf of @‚Ä¶,2.0
GE,positive,2018-11-14 , 6W 1L total $10/share profit potential.  All entries given yesterday $AR $AMRN $CDEV $UWT $COMM $UCO $CRC $THC $WLL‚Ä¶ https://t.co/r1cgH7Xj7l,1.0
GE,neutral,2018-11-14 , 10 Blue-Chip Stocks That Will Lose You Money  $LOW $PG $ATVI $ORCL $CME $GILD $FB $ITW $PM $GE    https://t.co/7n0WkoyZqU,0.0
GE,positive,2018-11-14 , RT @michaelsantoli: The latest plunge in $GE pretty decisively broke an 86-year uptrend for the stock. (Chart courtesy of Jeff deGraaf of @‚Ä¶,2.0
GE,positive,2018-11-14 , @jennablan @WSJ Opacity of $GE prevents anyone from knowing if the value of its world-class manufacturing assets is‚Ä¶ https://t.co/0aS3cX319F,1.0
GE,neutral,2018-11-13 , $TSLA Added more on the dip $SPX $NVDA $MU $WYNN $BA $TGT $GE $NFLX $AMZN $GOOGL $QQQ $IWM $GS $GLD $JNUG https://t.co/B2CvoT72bs,0.0
GE,positive,2018-11-13 , Do you see $GE share to recove some losses into 2018 end? $SPY $DIA $GLD $UCO $XLK $XLI $XLP $XLY $XLV $XLE $XLF‚Ä¶ https://t.co/8kcEixgDnF,1.0
GE,positive,2018-11-13 , RT @michaelsantoli: The latest plunge in $GE pretty decisively broke an 86-year uptrend for the stock. (Chart courtesy of Jeff deGraaf of @‚Ä¶,2.0
GE,positive,2018-11-13 , RT @michaelsantoli: The latest plunge in $GE pretty decisively broke an 86-year uptrend for the stock. (Chart courtesy of Jeff deGraaf of @‚Ä¶,2.0
GE,neutral,2018-11-13 , RT @aaaamhim: $RETC 003 52WKH 29 cents Look at historical https://t.co/DkfO1MC2ns $GE $BAC $F $FCX $JCP $CHK $AUY $PBR $CLF $WFC $AA $ABBV‚Ä¶,0.0
GE,positive,2018-11-13 , RT @michaelsantoli: The latest plunge in $GE pretty decisively broke an 86-year uptrend for the stock. (Chart courtesy of Jeff deGraaf of @‚Ä¶,2.0
GE,positive,2018-11-13 , RT @michaelsantoli: The latest plunge in $GE pretty decisively broke an 86-year uptrend for the stock. (Chart courtesy of Jeff deGraaf of @‚Ä¶,2.0
GE,positive,2018-11-13 , $spx $msft $intc $nasdaq $gm $f $jpm $gs $c $v $ma $djia $GE shares jump to best day in 3 years after accelerated B‚Ä¶ https://t.co/L9vwT1y10v,4.0
GE,positive,2018-11-13 , RT @michaelsantoli: The latest plunge in $GE pretty decisively broke an 86-year uptrend for the stock. (Chart courtesy of Jeff deGraaf of @‚Ä¶,2.0
GE,neutral,2018-11-13 , #mixed day $GOOGL $FB $JPM $C $BAC $WFC $AAPL $PM $PG $GE $HON $JNJ $CSCO $MSFT $INTC $TWTR $TSLA $V $DIS $UNH $VZ‚Ä¶ https://t.co/QZ5hLOY4wY,0.0
GE,negative,2018-11-12 , RT @pianomikey1: LEAVE $GE ALONE https://t.co/XEaLmau4Ul,-3.0
GE,neutral,2018-11-12 , TOday‚Äôs Movers: General Electric $GE Stock Rating Kept at Credit Suisse; $10 Target Price Indicates 25.16 % Potenti‚Ä¶ https://t.co/azYqoZjjBS,0.0
GE,positive,2018-11-12 ," Credit Suisse Maintained General Electric $GE As a ""Neutral""; They Now Have a Target Price per Share Of $10 https://t.co/r26stlmeC4",1.0
GE,negative,2018-11-12 ," $GE were the titans of the past, a Google of his time. And now it's sinking hard",-1.0
GE,negative,2018-11-12 , RT @DavidSchawel: $GE with $111bil of debt https://t.co/TCIRiTg8Iz,-2.0
GE,negative,2018-11-12 , RT @DavidSchawel: $GE with $111bil of debt https://t.co/TCIRiTg8Iz,-2.0
GE,neutral,2018-11-12 ," RT @pierpont_morgan: $GE euro denominated long bond (subordinated) down 5 points today, spread an astonishing 45bp wider.  First the stock,‚Ä¶",0.0
GE,negative,2018-11-12 ," RT @markminervini: For those of you that think you can just buy a ""quality"" company and not worry about using a stop-loss... let $GE serve‚Ä¶",-7.0
GE,negative,2018-11-12 , @RobInTheBlack looks at $GE says: Damn .,-4.0
GE,negative,2018-11-12 , RT @DavidSchawel: $GE with $111bil of debt https://t.co/TCIRiTg8Iz,-2.0
GE,neutral,2018-11-11 ," RT @permabear_uk: General Electric $GE, lower for the 19th month of 23, currently -15.0% at $8.58. Ultimate capitulation in the 6/5s appear‚Ä¶",0.0
GE,neutral,2018-11-11 , RT @ErnestMEdsel1: Meh. #CSWS Oligarchs @USChamber @SenBillNelson @AndrewGillum now replacing US voters with #H1B #S281 #HR392 India Outsou‚Ä¶,0.0
GE,neutral,2018-11-11 , RT¬†@jimcramer: RT @SquawkStreet: Talking $GE downgrade has @jimcramer taking cover @carlquintanilla @davidfaber‚Ä¶ https://t.co/ERqhnlUQWD,0.0
GE,neutral,2018-11-11 ," General Electric $GE, lower for the 19th month of 23, currently -15.0% at $8.58. Ultimate capitulation in the 6/5s‚Ä¶ https://t.co/cbHezkc1A6",0.0
GE,neutral,2018-11-11 , RT @ErnestMEdsel1: CALLING BOMBAY @USChamber @SenBillNelson need #H1B #S281 #HR392 India Outsource slaves to vote for them so they can keep‚Ä¶,0.0
GE,positive,2018-11-11 ," Week's Most Significant #Insider Trades: Week of November 5, 2018 $AXP $BDX $DIS $GE $HAS $IBM $LMT $MA $MSFT $NEE‚Ä¶ https://t.co/uJNqWIh7sv",1.0
GE,positive,2018-11-11 , $JD üí≤üí≤üí≤üí≤üëçüëçüëç 159.8b yuan sales on single festive season . Up 25.7%  üíïüëçüíïüëçüíïüëçüöÄüöÄüöÄ  $TSLA $JNUG $XYF $AMZN $TLRY $GE‚Ä¶ https://t.co/yBw2YLELUX,2.0
GE,negative,2018-11-11 , #Allergan To Replace ~$2B In $Teva Losses With New Debt $aapl $amzn $agn $bhc $brk $crm $cmg $dis $esrx $f $gild‚Ä¶ https://t.co/zxxNmlGpkO,-2.0
GE,positive,2018-11-11 ," #CROWSignalService - FREE-Share: $GE   New, FREE, ... No, really.  First share:  $GE  Link: https://t.co/noyGxlq6Y7  #generalelectric",3.0
GE,positive,2018-11-11 , Have some One day free trials for tomorrow only - First come basis.  Email at support@bullishmatt.com  $AMZN $NFLX‚Ä¶ https://t.co/k78dIVHN8y,3.0
GE,neutral,2018-11-10 , Study example $GE https://t.co/CTArUkeqkP,0.0
GE,neutral,2018-11-10 ," RT @firehorsecaper: $GE solvency is now in question. 600,000 pensioners are about to get a haircut. From a pension surplus in 2001 of $14.6‚Ä¶",0.0
GE,negative,2018-11-10 , General Electric: The Problem At Hand $GE https://t.co/SuNnyvcThN,-2.0
GE,positive,2018-11-10 ," RT @WallStJesus: NOT MUCH CALL SWEEPER ACTIVITY OUT THERE, YET .. $PYPL TOP ACTION TO THIS POINT, $CL REPEAT BUYING ---  $GE PUT BUYING GAL‚Ä¶",2.0
GE,neutral,2018-11-10 , RT @4Awesometweet: Holiday Books: üéÅ  It was Bernanke‚Äôs Fault       Alan Greenspan It was Comey‚Äôs Fault.          Hillary Clinton  It was Hi‚Ä¶,0.0
GE,negative,2018-11-10 , Traders Buy Shares of General Electric $GE on Weakness https://t.co/hLztvQthhP,-1.0
GE,neutral,2018-11-10 , RT @4Awesometweet: Holiday Books: üéÅ  It was Bernanke‚Äôs Fault       Alan Greenspan It was Comey‚Äôs Fault.          Hillary Clinton  It was Hi‚Ä¶,0.0
GE,neutral,2018-11-10 ," RT @firehorsecaper: $GE solvency is now in question. 600,000 pensioners are about to get a haircut. From a pension surplus in 2001 of $14.6‚Ä¶",0.0
WMT,negative,2018-11-14 ," RT @renegadestyle: For the many that have asked me of how to use options, to lower cost, reduce exposure to risk and provide a regular reve‚Ä¶",-2.0
WMT,negative,2018-11-14 ," RT @renegadestyle: For the many that have asked me of how to use options, to lower cost, reduce exposure to risk and provide a regular reve‚Ä¶",-2.0
WMT,neutral,2018-11-14 , RT @TradeStation: #Walmart $WMT is gearing up for #earnings reports tomorrow morning. Take a peek at their financials ‚Äî and where they‚Äôve b‚Ä¶,0.0
WMT,neutral,2018-11-14 , RT @eWhispers: Thursday morning #earnings  $WMT $JCP $CSIQ $BRC $MANU $ENR $BERY $IPWR $EARS $LXFT $WUBA $EROS $TK $TNK $TGP $HMLP $SPH $CU‚Ä¶,0.0
WMT,neutral,2018-11-14 ," @TraderMentality @HulkCapital $WMT shipping been on point, on time or early. Just ordered a bunch online. https://t.co/hZaK7Cy8kw",0.0
WMT,neutral,2018-11-14 , Did Mr. Buffet make the right decision to bet on $jpm? $spy $dia $gld $uco $xlf $xlk $xle $xlv $xlu $xlp $xly $xlb‚Ä¶ https://t.co/imTD0CwIt8,0.0
WMT,neutral,2018-11-14 , RT @cfromhertz: MORE BERKSHIRE HEADLINES $BRKB  GOLDMAN SACHS STAKE UP 38% TO 18.3M SHRS $GS BANK OF NEW YORK MELLON STAKE UP 20% TO 77.8M‚Ä¶,0.0
WMT,neutral,2018-11-14 , We have $wmt lotto puts @tradinqprodigy https://t.co/pcScFJUUbP,0.0
WMT,neutral,2018-11-14 ," Berkshire buys JPMorgan, Oracle, exits Sanofi  $PNC $BRK.A $JPM $ORCL $TRV $WMT $SNY    https://t.co/Sl7103djNc",0.0
WMT,positive,2018-11-14 , RT @EcexExchange: Ziggurat $ZIG  token price chart pattern shows strength  300% in the 3 weeks. üöÄ  https://t.co/X2diiJawka ‚Ä¶ üöÄ  #bitcoin #c‚Ä¶,2.0
WMT,neutral,2018-11-13 , Walmart $WMT Given Buy Rating at Raymond James https://t.co/ou2Txq3F50,0.0
WMT,neutral,2018-11-13 , Walmart $WMT Given Buy Rating at Raymond James  https://t.co/3FADMEq64h,0.0
WMT,negative,2018-11-13 , RT @ChrisDenk: $MGON Feeding frenzy starting at any moment. NEWS and updated company filing expected this week!  $MSFT $BABA $SBUX $TSN $FB‚Ä¶,-3.0
WMT,positive,2018-11-13 , RT @aaaamhim: $RETC 003 52WKH 29 cents. Look at historical. WOW https://t.co/DkfO1MC2ns ü§Ø‚úàüí∏  $AMD $JCP $JNJ $CHNC $MPXEF $RETC $UNVC $FRHV‚Ä¶,4.0
WMT,neutral,2018-11-13 , RT @aaaamhim: $RETC 003 52WKH 29 cents. Look at historical https://t.co/DkfO1MC2ns ü§Ø‚úàüí∏ $RDUS $UTHR $PTLA $ALDR $OPK $GLPG $ARWR $ONCS $MTEM‚Ä¶,0.0
WMT,negative,2018-11-13 , $WMT $AMZN  Flipkart chief resigns after probe into sexual misconduct claims - https://t.co/XvTG3GgC4E via @FT,-1.0
WMT,neutral,2018-11-13 , #mixed day $GOOGL $FB $JPM $C $BAC $WFC $AAPL $PM $PG $GE $HON $JNJ $CSCO $MSFT $INTC $TWTR $TSLA $V $DIS $UNH $VZ‚Ä¶ https://t.co/QZ5hLOY4wY,0.0
WMT,negative,2018-11-13 , RT @PekalaLaw: #Target facing Black Friday protests in downtown Chicago lead by US Rep. Bobby Rush after retailer closes South Side stores.‚Ä¶,-2.0
WMT,positive,2018-11-13 , Top 5 LT momentum stocks of the Dow 30: $WBA $PG $WMT $MCD $JNJ    Bottom 5: $XOM $DWDP $GS $HD $IBM‚Ä¶ https://t.co/3EWsZAXBYH,2.0
WMT,positive,2018-11-13 ," RT ""  $MVES at 30 day support signals entry point opportunity. $AMZN $NFLX $CBS $AMC $WMT $WWE $FOX $MSGN $LYV $VIA‚Ä¶ https://t.co/Vc3agBVCy3",4.0
WMT,neutral,2018-11-12 , $WMT Walmart To Hire More Military Spouses via https://t.co/jURZDymPXI,0.0
WMT,positive,2018-11-12 , I wouldn't be surprised that $WMT clears $110 on earnings...Carter is one of the best technicians in the game.  Lov‚Ä¶ https://t.co/XbNdXV88oZ,4.0
WMT,negative,2018-11-12 , $WMT Max Pain is 115.00 for maturity 11/16/2018. #maxpain #options https://t.co/GDnfL5tkL4 https://t.co/OaZWreL1Tr,-2.0
WMT,positive,2018-11-12 , @OptionsAction @Michael_Khouw I love how he stays serious the whole segment. üòÇ I have a covered call for $WMT @ 100‚Ä¶ https://t.co/TcqjOdOk4d,3.0
WMT,neutral,2018-11-12 ," RT @OptionsAction: Retail earnings are about to kick into high gear, and @Michael_Khouw outlines what the options market is expecting for $‚Ä¶",0.0
WMT,neutral,2018-11-12 ," RT @OptionsAction: Retail earnings are about to kick into high gear, and @Michael_Khouw outlines what the options market is expecting for $‚Ä¶",0.0
WMT,neutral,2018-11-12 ," Retail earnings are about to kick into high gear, and @Michael_Khouw outlines what the options market is expecting‚Ä¶ https://t.co/TPSlVQF1PT",0.0
WMT,neutral,2018-11-12 , @sssvenky So far $MCD $WMT $MRK $JNJ $CME,0.0
WMT,positive,2018-11-12 , @CNBCFastMoney @petenajarian   Safety-trades:  Look-at-charts-of-  $WMT $VZ $KO  Over-past-couple-of-months-Carter,1.0
WMT,neutral,2018-11-12 , Walmart could hold the key to the retail rally. Here's why $HD $WMT $XRT https://t.co/IRrWgqIvRx,0.0
WMT,neutral,2018-11-11 , Runner up?   $TSLA $MSFT $CMG $WMT $TRIP $BA $CSCO,0.0
WMT,neutral,2018-11-11 ," $ACM, $ATHM, $EQH, $FOCS, $AAP, $BZH, $ARMK, $M, $WMT, $CAE, $HD, $MTSI, $MAMS, $NINE, $TSN, $APRN,  $JCP, $CSCO,‚Ä¶ https://t.co/QNQiuJAsaI",0.0
WMT,negative,2018-11-11 , #Allergan To Replace ~$2B In $Teva Losses With New Debt $aapl $amzn $agn $bhc $brk $crm $cmg $dis $esrx $f $gild‚Ä¶ https://t.co/zxxNmlGpkO,-2.0
WMT,neutral,2018-11-11 , New Tech About To Surge [quick update] - https://t.co/U6E1ttVmmG  $JNJ $WMT $COST $TLRY $AMZN $GS $JPM $FB $DIS $NFLX $BABA $JD $BIDU $AAPL,0.0
WMT,positive,2018-11-11 ," With past performance like this, how can you not sign up for a Free 7-day trial to https://t.co/tpJu5ehbGB? Winning‚Ä¶ https://t.co/Ytr7Wu5gI6",7.0
WMT,neutral,2018-11-11 ," 3 Stocks To Watch In The Coming Week: $M Macy‚Äôs, $WMT Walmart, $NVDA Nvidia   https://t.co/tuKSGBIowj",0.0
WMT,neutral,2018-11-11 ," On this week's #podcast, we chat with @NRFnews about its 2018 #HolidayShopping  consumer survey, where shoppers are‚Ä¶ https://t.co/s0t7MTY9hq",0.0
WMT,positive,2018-11-11 , RT @Investingcom: 1Ô∏è‚É£ Fed Chair Powell Speaks üó£Ô∏è 2Ô∏è‚É£ U.S. Inflation Data üìà  3Ô∏è‚É£ U.S. Retail Sales üõçÔ∏è 4Ô∏è‚É£ Retailers Highlight Last Big Week‚Ä¶,3.0
WMT,positive,2018-11-11 , RT @ntfri: $WMT Wal-Mart  https://t.co/eu5KGb2gxo Support  102.91    93.82    93.31    83.51    81.92    75.94 Resistance   107.59   102.91‚Ä¶,2.0
WMT,positive,2018-11-11 ," RT @Bob_Loblaw420: #Earnings To Watch This Week  There are about 10 S&amp;P 500 companies reporting results in the week ahead, with big-name re‚Ä¶",1.0
WMT,neutral,2018-11-10 , See the tweet below. Current this week $msft $amzn $fb $goog $jnj $jpm $googol $abc $wfc $wmt $cvx $hd $pg $unh‚Ä¶ https://t.co/VAfy0HqIdr,0.0
WMT,neutral,2018-11-10 , See the tweet below. Current this week $MTG $XLV $CELG $ENDP $GILD $CZR $NGD $LUV $HAL $GERN $GLD $AIG $WMT $LC‚Ä¶ https://t.co/PUtB0P7EiV,0.0
WMT,neutral,2018-11-10 , RT @OMillionaires: Implied moves for earnings next week:  $YY 12.1% $HD 3.5% $AAP 8.5% $TLRY 21.0% $WIX 11.9% $PETQ 14.4% $CSCO 5.0% $M 8.7‚Ä¶,0.0
WMT,neutral,2018-11-10 ," Wally-mart is extending its breakout, what in the name of the economy is going on here? Saw it developing over a mo‚Ä¶ https://t.co/IGGdGk2Ry9",0.0
WMT,positive,2018-11-10 ," Alibaba‚Äôs results reveal a record for opening minutes of Singles‚Äô Day, top 3 brands, Xiaiomi smartphones, Apple dev‚Ä¶ https://t.co/QQJ0ycjS56",2.0
WMT,neutral,2018-11-10 , RT @OMillionaires: Implied moves for earnings next week:  $YY 12.1% $HD 3.5% $AAP 8.5% $TLRY 21.0% $WIX 11.9% $PETQ 14.4% $CSCO 5.0% $M 8.7‚Ä¶,0.0
WMT,neutral,2018-11-10 , RT @OMillionaires: Implied moves for earnings next week:  $YY 12.1% $HD 3.5% $AAP 8.5% $TLRY 21.0% $WIX 11.9% $PETQ 14.4% $CSCO 5.0% $M 8.7‚Ä¶,0.0
WMT,neutral,2018-11-10 , RT @OMillionaires: Implied moves for earnings next week:  $YY 12.1% $HD 3.5% $AAP 8.5% $TLRY 21.0% $WIX 11.9% $PETQ 14.4% $CSCO 5.0% $M 8.7‚Ä¶,0.0
WMT,neutral,2018-11-10 , RT @OMillionaires: Implied moves for earnings next week:  $YY 12.1% $HD 3.5% $AAP 8.5% $TLRY 21.0% $WIX 11.9% $PETQ 14.4% $CSCO 5.0% $M 8.7‚Ä¶,0.0
WMT,neutral,2018-11-10 , RT @OMillionaires: Implied moves for earnings next week:  $YY 12.1% $HD 3.5% $AAP 8.5% $TLRY 21.0% $WIX 11.9% $PETQ 14.4% $CSCO 5.0% $M 8.7‚Ä¶,0.0
FDX,positive,2018-11-14 , $4.02 Earnings Per Share Expected for FedEx Co. $FDX This Quarter https://t.co/sBuNDLGBaZ,1.0
FDX,neutral,2018-11-14 , FedEx Co. $FDX Expected to Post Quarterly Sales of $17.76 Billion https://t.co/EOuDH27qVz,0.0
FDX,positive,2018-11-14 , Brokerages Expect FedEx Co. $FDX to Announce $4.02 Earnings Per Share https://t.co/AzsJ1g1tGJ,1.0
FDX,neutral,2018-11-14 , FedEx Co. $FDX Expected to Post Quarterly Sales of $17.76 Billion https://t.co/fUlwQBmXT6,0.0
FDX,neutral,2018-11-14 ," Home Depot: A Buffett-Style Stock For The Long Run https://t.co/SeyVm56llO $HD, $AAPL, $AMZN, $BBBY, $BBY, $DE,‚Ä¶ https://t.co/QX6PISxzGh",0.0
FDX,positive,2018-11-14 , Having a trusted team on your side will make all the difference when investing. Have you tried OptionAlarm yet? Fre‚Ä¶ https://t.co/TD1nKHrzpq,2.0
FDX,neutral,2018-11-14 , RT @RampCapitalLLC: $FDX don‚Äôt @ me,0.0
FDX,neutral,2018-11-14 , $FDX don‚Äôt @ me,0.0
FDX,neutral,2018-11-14 , $AAPL #APPLE $AMZN $BBBY $BBY $DE $DHI $FDX $ITB $LOW $ODP $SPY $TOL $UPS $WMT $HD https://t.co/CjfRiZpfzE,0.0
FDX,positive,2018-11-14 , #SP500 #stocks with best 3Y dividend growth: $C $BEN $NEM $AVGO $ZION $BF.B $COG $TSN $DAL $WBA $VMC $LRCX $STZ‚Ä¶ https://t.co/miuc6wUhln,5.0
FDX,positive,2018-11-13 ," 4,200 Shares in FedEx Co. $FDX Acquired by MERIAN GLOBAL INVESTORS UK Ltd https://t.co/gdabfmZzMP",1.0
FDX,positive,2018-11-13 ," 4,200 Shares in FedEx Co. $FDX Acquired by MERIAN GLOBAL INVESTORS UK Ltd  https://t.co/JUkW4Bj06w",1.0
FDX,positive,2018-11-13 , RT @RampedDaytrader: +62 Pts Today! Awesome Day in the #RampUpTrading Room Even with a Few Stopped out Trades. Trade with @RockSolidTrader‚Ä¶,3.0
FDX,positive,2018-11-13 , RT @RampedDaytrader: +62 Pts Today! Awesome Day in the #RampUpTrading Room Even with a Few Stopped out Trades. Trade with @RockSolidTrader‚Ä¶,3.0
FDX,positive,2018-11-13 , RT @RampedDaytrader: +62 Pts Today! Awesome Day in the #RampUpTrading Room Even with a Few Stopped out Trades. Trade with @RockSolidTrader‚Ä¶,3.0
FDX,positive,2018-11-13 , +62 Pts Today! Awesome Day in the #RampUpTrading Room Even with a Few Stopped out Trades. Trade with‚Ä¶ https://t.co/1cQkPEBd3E,3.0
FDX,positive,2018-11-13 , Had a great day trading! Thanks to the option trades from https://t.co/nIVt3ptnFu $FLT $DXCM $DWDP $MCD $BABA $ABT‚Ä¶ https://t.co/H8KxHjuwGQ,5.0
FDX,neutral,2018-11-13 ," Addenda Capital Has Decreased Fedex $FDX Position By $344,132; Schafer Cullen Capital Management Decreased Archer‚Ä¶ https://t.co/gRz8IARgmt",0.0
FDX,positive,2018-11-13 , @DividendMaster @federalreserve should be good for $UPS &amp; $FDX during the holidays,3.0
FDX,positive,2018-11-13 , Having a trusted team on your side will make all the difference when investing. Have you tried OptionAlarm yet? Fre‚Ä¶ https://t.co/sqyfDHwV8R,2.0
FDX,positive,2018-11-12 , Having a trusted team on your side will make all the difference when investing. Have you tried OptionAlarm yet? Fre‚Ä¶ https://t.co/SpaNQ5FrGy,2.0
FDX,neutral,2018-11-12 , Fedex $FDX Holder Beach Investment Counsel INC Decreased Position as Market Valuation Declined - https://t.co/WlaFFV3Ipa,0.0
FDX,neutral,2018-11-12 , Beach Investment Counsel INC Decreased Stake in Fedex $FDX as Stock Price Declined - https://t.co/RQ2u6BPEJJ,0.0
FDX,neutral,2018-11-12 , Beach Investment Counsel INC Has Trimmed Fedex $FDX Stake by $6.55 Million https://t.co/0OfT807oLm,0.0
FDX,neutral,2018-11-12 , Beach Investment Counsel INC Has Trimmed Its Fedex $FDX Position by $6.55 Million as Stock Declined - https://t.co/lnNApMm9pm,0.0
FDX,neutral,2018-11-12 , Fedex $FDX Shareholder Beach Investment Counsel INC Has Lowered Its Stake by $6.55 Million as Stock Price Declined https://t.co/5djKbClby1,0.0
FDX,neutral,2018-11-12 ," RT @StockTweetsHQ: Go Where The Green Lights Lead You_Struggling Global Ship Lease $GSL To Be Purchased By Costamare $CMRE, To Close Prior‚Ä¶",0.0
FDX,positive,2018-11-12 , $FDX  flat.  Doesn't seem to care about the sell-off.,2.0
FDX,positive,2018-11-12 , Brokerages Anticipate FedEx Co. $FDX Will Announce Earnings of $4.02 Per Share https://t.co/KalYRZHKDy,1.0
FDX,neutral,2018-11-11 , RT @bluff_capital: $AMZN $UPS $FDX https://t.co/t87NWXL6Tr,0.0
FDX,positive,2018-11-11 , Having a trusted team on your side will make all the difference when investing. Have you tried OptionAlarm yet? Fre‚Ä¶ https://t.co/MO4DqTGkhK,2.0
FDX,neutral,2018-11-11 , RT @tpsarofagis: October rebalance of the social media sentiment ETF $BUZ Added $JPM $JNJ $FDX $AAL https://t.co/LX4778KZ4V,0.0
FDX,neutral,2018-11-11 ," Amazon ships cheaper than FedEx, UPS https://t.co/wn8NNajYgG $UPS, $AMZN, $FDX",0.0
FDX,neutral,2018-11-11 , FedEx Co. $FDX Receives Consensus Rating of ‚ÄúBuy‚Äù from Brokerages https://t.co/rtVBq6BPAP,0.0
FDX,neutral,2018-11-11 , FedEx Co. $FDX Expected to Announce Quarterly Sales of $17.76 Billion  https://t.co/tVeexAqrOL,0.0
FDX,neutral,2018-11-11 , 12 Industries That May Not Exist By 2020   $MA  $V  $AXP  $DFS  $GOOGL  $AAPL  $NFLX  $AMC  $MCD  $TWC  $VZ  $T  $S‚Ä¶ https://t.co/fOXt8ILTdT,0.0
FDX,neutral,2018-11-10 , Air T $AIRT and FedEx $FDX Head to Head Contrast https://t.co/eWPcumAjrU,0.0
FDX,neutral,2018-11-10 ," RT @StockTweetsHQ: Go Where The Green Lights Lead You_Struggling Global Ship Lease $GSL To Be Purchased By Costamare $CMRE, To Close Prior‚Ä¶",0.0
FDX,neutral,2018-11-10 , RT @bluff_capital: $AMZN $UPS $FDX https://t.co/t87NWXL6Tr,0.0
FDX,neutral,2018-11-10 , Fedex $FDX Technical Update https://t.co/W5f11wZ4qZ,0.0
FDX,neutral,2018-11-10 , $AAPL $BLK $C $CGC $FB $FDX $IVZ $NVDA $STZ $T $TXN $UPS https://t.co/7sQTqk5W5h,0.0
FDX,positive,2018-11-10 , Hallmark Capital Management Inc. Boosts Stake in FedEx Co. $FDX  https://t.co/MHZB0L9pDT,1.0
FDX,neutral,2018-11-10 , Long Term Chart: $TRAN / $SPX   - Dow Jones #Transportation Average vs. S&amp;P 500  #Transport #Logistics $SPY $ES‚Ä¶ https://t.co/Vi39naqDXA,0.0
FDX,neutral,2018-11-10 ," A Review Of Three #Stocks: UPS, FDX, AAWW  $UPS  $FDX  $AAWW Also $SPX https://t.co/uHcWOtL12C",0.0
,neutral,2018-11-14 ," Weather Conditions From Calabash, NC @ 7:00 PM  49.9¬∞F,  Humidity is 72 pct,  Wind 6.6 mph NNE,  Rain 0.00 in. High‚Ä¶ https://t.co/nh0gvml82n",0.0
,positive,2018-11-14 , @aminakxo Hi Amina I'm a Web designer and would be happy to help. My site is https://t.co/MZiLCXTrp8   My DM is ope‚Ä¶ https://t.co/NlRsOBe6ym,5.0
,neutral,2018-11-14 ," RT @TweetSuave: For my girlfriends birthday, I created a magazine of some of her photoshoots. Took me two months from scratch, I was so str‚Ä¶",0.0
,neutral,2018-11-14 , RT @jarevalo527: Tweeting this since it‚Äôs getting cold https://t.co/Y5Jha28RTB,0.0
,neutral,2018-11-14 ," RT @sheracassiopeia: 2008.11.15 ~ 2018.11.15  It has been 10 years passed since that day, yet it is so precious &amp; always stay history for u‚Ä¶",0.0
,negative,2018-11-14 , @izatt_aleasha @marnieredfernx @ccaaitlinx Oh fuck sake I tried,-4.0
,positive,2018-11-14 , RT @izhqr_: still that ‚ÄúHAHAHA person‚Äù even though i‚Äôm sad.,1.0
,neutral,2018-11-14 , RT @TIMPorn: TIMSUCK has a new resident cocksucking mouth hound in Neil Mcaulley and we are putting him to the test over the next few month‚Ä¶,0.0
,neutral,2018-11-14 , I have been on Twitter for 8 years and 22 days (since 24 Oct 2010). And you? https://t.co/x0ChI3UOI7,0.0
,neutral,2018-11-14 , @levirisi @DearAuntCrabby I agree!!!!! What I'm hearing is there is no real front runner. She needs to go....go faaaaar away.....,0.0
,neutral,2018-11-13 , @pixelhottie Plz remember to tip 20%,0.0
,positive,2018-11-13 ," RT @kei_lyons: if i get a promise ring, im str8 acting married üòÇü•∞ idc",1.0
,positive,2018-11-13 ," RT @NYCDEATHROWCATS: **TO BE DESTROYED 11/14/18*** SWEET GENESIS SAYS, ""Thanks for checking out my bio! ACC staff and volunteers have been‚Ä¶",1.0
,positive,2018-11-13 , RT @Cointelegraph: One third of German logistics managers believe blockchain will improve supply chain security and efficiency https://t.co‚Ä¶,2.0
,neutral,2018-11-13 , RT @CountDankulaTV: @BuzzFeedNews this aint it chief,0.0
,neutral,2018-11-13 , @jamescharles @EthanDolan ME TOO,0.0
,neutral,2018-11-13 , RT @timetosungwoon: 171113 COMEBACK WANNAONE [Nothing Without You] #ÌïòÏÑ±Ïö¥ #hasungwoon https://t.co/d6mlnyx4dw,0.0
,negative,2018-11-13 , RT @lukewaltham: Emotional right now. My anxiety was so bad this year that I couldn‚Äôt attend one of my classes. I literally studied and tau‚Ä¶,-5.0
,neutral,2018-11-13 , RT @pokeheon: kids pls https://t.co/UxGlFrI8yf,0.0
,positive,2018-11-13 ," Happy 19th birthday to me gorgeous best friend ‚ù§Ô∏è @billiejoyoungx hope u have a fab day, you deserve it !! Very exc‚Ä¶ https://t.co/My6vSldb8N",8.0
,neutral,2018-11-12 , RT @aimeemoo10: Imagine a silent disco with that 8d music tho,0.0
,neutral,2018-11-12 , Chanyeol considers himself a romantic person,0.0
,positive,2018-11-12 , @nasia_nichols YES KARATE CHOP,1.0
,positive,2018-11-12 ," Thank you @TheRealStanLee for all that you‚Äôve done. For all the laughs, smiles and tears. For allowing us nerds to‚Ä¶ https://t.co/qVPyw4JVN0",3.0
,negative,2018-11-12 ," RT @GoalUK: üó£ ""Both procedures went well, without complications.""  Danny Welbeck has undergone a second ""planned"" surgery on his broken rig‚Ä¶",-2.0
,neutral,2018-11-12 , RT @syIphe: Ron Hicks https://t.co/br0Xu1L76D,0.0
,neutral,2018-11-12 , Bridgewater vs James Madison live streaming   watch now&gt;&gt;&gt;https://t.co/5015j2huPB https://t.co/IVoPiIndZo,0.0
,positive,2018-11-12 ," RT @LevinTV: Democrats Love Provisional Ballots  Catch ALL previous episodes, any time, anywhere - only with CRTV: https://t.co/GB20J0BgAU‚Ä¶",3.0
,neutral,2018-11-12 , RT @MFRemillard: Hou ! Hou !  #RollingStones in Chicago 2019 https://t.co/JUrVTn1GVl,0.0
,negative,2018-11-12 ," Leo Varadkar, Simon Coveney, Paschal Donohoe, : BAN HALAL &amp; KOSHER MEAT IN IRELAND - Sign the Petition! https://t.co/4ls26neSJe via @Change",-2.0
,negative,2018-11-11 , I have no words üòîü§∑üèæ‚Äç‚ôÇÔ∏èü§¶üèæ‚Äç‚ôÇÔ∏è https://t.co/lYV9ixnroW,-1.0
,positive,2018-11-11 , RT @MemethewDario: So ready to watch these angels win awards and own the carpet at the #PCAs  #SaveShadowhunters https://t.co/uMc891191I,7.0
,neutral,2018-11-11 , RT @SportsCenter: 27 pts (11-14 FG) 16 reb 6 blk  Zion is now shooting 81% from the field through 2 games üî• https://t.co/W9vBec8CkL,0.0
,neutral,2018-11-11 , @houtz Easily,0.0
,positive,2018-11-11 , RT @honeybunch94: LMAO SM‚Äôs followers on YT kept decreasing by 1k üòÇüòÇüòÇüòÇüòÇüòÇ this is so statisfying to watch,4.0
,neutral,2018-11-11 , @BlakandBlack @ActPeoples @Trish_Corry @kellyconrad956 @paulinehollywoo @theunRealPavs @sacarlin48 @democracydemon1‚Ä¶ https://t.co/AmdTXUNsp1,0.0
,positive,2018-11-11 , RT @TheKnowledge: Distance yourself from people who: 1 speak poorly about others 2 have problems for every solution 3 enjoy complaining 4 a‚Ä¶,1.0
,negative,2018-11-11 , RT @ShakExcellence: What kills me about this is that HE WAS ALREADY IN JAIL.  THEY WENT AND FUCKED HIS SHIT UP FOR NO GOOD REASON https://t‚Ä¶,-9.0
,negative,2018-11-11 ," This is really the worst time for canada post to be on strike, like it could‚Äôve waited till after Christmas",-2.0
,positive,2018-11-11 , RT @gr8tjude_08: Wow! Largest flag ever sewnüá∫üá∏ Hoover Dam  Veterans Dayüá∫üá∏ü¶Ö https://t.co/QcXlqBlxp9,4.0
,neutral,2018-11-10 , @thelearrenqueen OMG MY FAVS,0.0
,positive,2018-11-10 ," RT @zenhixl: suddenly, your name didn't make me smile anymore",2.0
,negative,2018-11-10 , MICHAEL‚ÄôS LITTLE JUMP SHUT UP AND LET ME DIE FOR HIM https://t.co/zk43Yizpzn,-3.0
,negative,2018-11-10 , RT @EugeneCho: A huge temptation and danger in our culture is to box people into a particular narrative. Don't be lazy and make assumptions‚Ä¶,-2.0
,neutral,2018-11-10 , RT @seokjinfile: ( @BTS_twt ) ¬© _Jintime https://t.co/KyRJbLDIGy,0.0
,negative,2018-11-10 , RT @BelRedDevils: üì∏ @axelwitsel28's first cap was in 2008 ! Nr. 1‚É£0‚É£0‚É£ on Thursday ? üéâ   Don't miss it üòâ  Get your tickets ! üé´ üëâ https://t.‚Ä¶,-2.0
,positive,2018-11-10 , That's cool. https://t.co/49aJZ8Y5kV,1.0
,positive,2018-11-10 , RT @joshtpm: It's very important to remember. What's being fought over right now in Florida isn't a recount. It's the count.,2.0
,neutral,2018-11-10 , @RobertCraig3 @A50Challenge @RosChappell @Aceditor @davidallengreen @timonhd @Kurako76 @beccalamjig @oldmanbigkid‚Ä¶ https://t.co/xKRJMPXUVp,0.0
,negative,2018-11-10 ," RT @1Badasspoolboy: Be the one he says ""that hot ass bitch is mine"".",-9.0
